"pinNumber","imageFile","title","description","targetUrl","boardName","keywords","hashtags","altText","status"
"1","public/pinterest/manual-pins/01-packliste-urlaub-mit-baby.png","Packliste Urlaub mit Baby","Urlaub mit Baby wird entspannter, wenn die wichtigsten Dinge gut vorbereitet sind. Diese Packliste hilft dir bei Kleidung, Wickeln, Schlafen, Reiseapotheke und praktischen Baby-Reisehelfern. #packliste #urlaubmitbaby #babyreise","https://babyreisehelfer.pages.dev/packlisten/","Baby Packlisten","Packliste Baby; Urlaub mit Baby; Baby Reise; Familienurlaub","#packliste #urlaubmitbaby #babyreise","Pinterest Pin zur Packliste Urlaub mit Baby mit heller Reise- und Baby-Pack-Szene","ready_for_manual_upload"
"2","public/pinterest/manual-pins/02-handgepaeck-mit-baby.png","Handgepäck mit Baby: Was muss rein?","Was gehört ins Handgepäck, wenn du mit Baby unterwegs bist? Diese Übersicht zeigt Wickelzeug, Wechselkleidung, kleine Helfer und Dinge, die du griffbereit haben solltest. #fliegenmitbaby #packliste #babyreise","https://babyreisehelfer.pages.dev/fliegen-mit-baby/","Baby Packlisten","Handgepäck Baby; Fliegen mit Baby; Wickeltasche Flugzeug; Baby Packliste","#fliegenmitbaby #packliste #babyreise","Pinterest Pin zum Handgepäck mit Baby mit Wickelrucksack und Reiseutensilien","ready_for_manual_upload"
"3","public/pinterest/manual-pins/03-baby-reiseapotheke-packen.png","Baby-Reiseapotheke: Was gehört in die Tasche?","Eine Baby-Reiseapotheke ersetzt keine Beratung, kann Eltern aber unterwegs Orientierung geben. Hier findest du sinnvolle Basics für Flug, Hotel und Urlaub. #reiseapotheke #babyreise #urlaubmitbaby","https://babyreisehelfer.pages.dev/ratgeber/reiseapotheke-baby-kind/","Baby Packlisten","Baby Reiseapotheke; Reiseapotheke Kind; Urlaub mit Baby; Packliste Baby","#reiseapotheke #babyreise #urlaubmitbaby","Pinterest Pin zur Baby-Reiseapotheke mit kleiner Reiseapotheken-Box","ready_for_manual_upload"
"4","public/pinterest/manual-pins/04-fliegen-mit-baby-7-dinge.png","Fliegen mit Baby: 7 Dinge, die helfen","Fliegen mit Baby muss nicht chaotisch sein. Der Ratgeber zeigt dir, welche Dinge im Handgepäck helfen können und worauf Eltern vor dem Flug achten sollten. #fliegenmitbaby #babyreise","https://babyreisehelfer.pages.dev/ratgeber/fliegen-mit-baby-dinge/","Fliegen mit Baby","Fliegen mit Baby; Baby im Flugzeug; Handgepäck Baby; Flugreise Baby","#fliegenmitbaby #babyreise","Pinterest Pin Fliegen mit Baby mit heller Reiseszene und Baby-Reisehelfern","ready_for_manual_upload"
"5","public/pinterest/manual-pins/05-baby-im-flugzeug-beschaeftigen.png","Baby im Flugzeug beschäftigen","Lange Wege, Wartezeiten und ein enger Sitzplatz können anstrengend sein. Diese Ideen helfen dir, Beschäftigung fürs Baby im Flugzeug ruhig und realistisch vorzubereiten. #fliegenmitbaby #reisenmitkind","https://babyreisehelfer.pages.dev/ratgeber/baby-im-flugzeug-beschaeftigen/","Fliegen mit Baby","Baby beschäftigen Flugzeug; Fliegen mit Kind; Reisen mit Baby; Flugreise Familie","#fliegenmitbaby #reisenmitkind","Pinterest Pin zu Beschäftigungsideen für Baby im Flugzeug mit Reisebuch und Kopfhörern","ready_for_manual_upload"
"6","public/pinterest/manual-pins/06-wickeltasche-flugzeug-packen.png","Wickeltasche fürs Flugzeug richtig packen","Eine gut gepackte Wickeltasche spart unterwegs Nerven. Hier findest du praktische Ideen für Wickeln, Wechselkleidung und kleine Helfer im Flugzeug. #wickeltasche #fliegenmitbaby","https://babyreisehelfer.pages.dev/ratgeber/wickeln-unterwegs/","Fliegen mit Baby","Wickeltasche Flugzeug; Wickeln unterwegs; Baby Handgepäck; Fliegen mit Baby","#wickeltasche #fliegenmitbaby","Pinterest Pin zur Wickeltasche fürs Flugzeug mit Wickelrucksack und Wickelzubehör","ready_for_manual_upload"
"7","public/pinterest/manual-pins/07-urlaub-mit-baby-stressfrei-planen.png","Urlaub mit Baby stressfrei planen","Urlaub mit Baby wird leichter, wenn Schlafen, Wickeln, Transport und Essen realistisch vorbereitet sind. Der Ratgeber hilft dir beim Planen ohne Druck. #urlaubmitbaby #familienurlaub","https://babyreisehelfer.pages.dev/urlaub/","Urlaub mit Baby","Urlaub mit Baby; Familienurlaub planen; Baby Reise; Reisen mit Baby","#urlaubmitbaby #familienurlaub","Pinterest Pin Urlaub mit Baby stressfrei planen mit warmer Familienreise-Atmosphäre","ready_for_manual_upload"
"8","public/pinterest/manual-pins/08-familienurlaub-was-wichtig-ist.png","Familienurlaub: Was wirklich wichtig ist","Nicht alles muss mit, aber ein paar gute Entscheidungen machen Familienurlaub deutlich entspannter. Hier findest du praktische Tipps für Reisen mit Baby und Kind. #familienurlaub #reisenmitkind","https://babyreisehelfer.pages.dev/familienurlaub/","Urlaub mit Baby","Familienurlaub; Reisen mit Kind; Urlaub mit Baby; Packliste Familie","#familienurlaub #reisenmitkind","Pinterest Pin zum Familienurlaub mit heller Urlaubsszene und Reiseorganisation","ready_for_manual_upload"
"9","public/pinterest/manual-pins/09-reiseprodukte-eltern-helfen.png","Reiseprodukte, die Eltern wirklich helfen","Welche Baby-Reiseprodukte können unterwegs wirklich praktisch sein? Diese Übersicht sortiert sinnvolle Helfer für Schlafen, Wickeln, Strand, Flug und Kinderwagen. #babyreise #reiseprodukte","https://babyreisehelfer.pages.dev/reiseprodukte/","Urlaub mit Baby","Baby Reiseprodukte; Reisen mit Baby; Urlaub mit Kind; Baby Reisehelfer","#babyreise #reiseprodukte","Pinterest Pin zu Baby-Reiseprodukten mit Produkt-Mockups und Magazin-Look","ready_for_manual_upload"
"10","public/pinterest/manual-pins/10-strandurlaub-mit-baby-mitnehmen.png","Strandurlaub mit Baby: Was mitnehmen?","Schatten, UV-Schutz, Wickeln und Snacks: Diese Übersicht hilft dir, den Strandtag mit Baby einfacher zu planen. #strandurlaub #urlaubmitbaby","https://babyreisehelfer.pages.dev/ratgeber/urlaub-am-strand-mit-baby/","Baby Strandurlaub","Strandurlaub Baby; Baby Strand; Sonnenschutz Baby; Urlaub mit Baby","#strandurlaub #urlaubmitbaby","Pinterest Pin Strandurlaub mit Baby mit heller Strand- und Sonnenschutzszene","ready_for_manual_upload"
"11","public/pinterest/manual-pins/11-sonnenschutz-baby-kleinkind.png","Sonnenschutz für Baby und Kleinkind","Beim Strandurlaub mit Baby geht es vor allem um Schatten, Kleidung und gute Vorbereitung. Dieser Ratgeber sammelt praktische, vorsichtige Tipps ohne falsche Versprechen. #sonnenschutz #babystrand","https://babyreisehelfer.pages.dev/strand-sonne/","Baby Strandurlaub","Sonnenschutz Baby; Baby Strandurlaub; UV Schutz Kind; Strand mit Baby","#sonnenschutz #babystrand","Pinterest Pin Sonnenschutz für Baby und Kleinkind mit UV-Hut und Strandhelfern","ready_for_manual_upload"
"12","public/pinterest/manual-pins/12-strandtasche-mit-baby-packen.png","Strandtasche mit Baby richtig packen","Was gehört in die Strandtasche mit Baby? Hier findest du Ideen für Schatten, Kleidung, Wickeln, Trinken und nasse Sachen nach dem Strand. #strandurlaub #packliste","https://babyreisehelfer.pages.dev/ratgeber/strandurlaub-mit-baby-sonnenschutz-sicherheit/","Baby Strandurlaub","Strandtasche Baby; Baby Strand Packliste; Wetbag Baby; Sonnenschutz Baby","#strandurlaub #packliste","Pinterest Pin Strandtasche mit Baby richtig packen mit Strand- und Wetbag-Produkten","ready_for_manual_upload"
"13","public/pinterest/manual-pins/13-kinderwagen-sommer-zubehoer.png","Kinderwagen im Sommer: Sonnenschutz & Zubehör","Sonnensegel, Moskitonetz, Ventilator und Organizer können unterwegs praktisch sein. Hier findest du eine ruhige Übersicht für Kinderwagen-Zubehör im Sommer. #kinderwagen #sommerbaby","https://babyreisehelfer.pages.dev/ratgeber/kinderwagen-im-sommer/","Kinderwagen Zubehör","Kinderwagen Sommer; Kinderwagen Zubehör; Sonnenschutz Kinderwagen; Buggy Urlaub","#kinderwagen #sommerbaby","Pinterest Pin Kinderwagen im Sommer mit Sonnenschutz und Kinderwagen-Zubehör","ready_for_manual_upload"
"14","public/pinterest/manual-pins/14-buggy-zubehoer-urlaub.png","Buggy-Zubehör für den Urlaub","Für Ausflüge im Urlaub kann passendes Buggy-Zubehör helfen: Organizer, Sonnenschutz, Haken oder Getränkehalter. Der Ratgeber zeigt, worauf Eltern achten können. #buggy #familienurlaub","https://babyreisehelfer.pages.dev/ratgeber/buggy-fuer-den-urlaub-darauf-achten/","Kinderwagen Zubehör","Buggy Zubehör; Buggy Urlaub; Kinderwagen Zubehör; Reisen mit Kind","#buggy #familienurlaub","Pinterest Pin Buggy-Zubehör für den Urlaub mit Organizer und Buggy-Zubehör","ready_for_manual_upload"
"15","public/pinterest/manual-pins/15-kinderwagen-organizer-packen.png","Kinderwagen-Organizer: Was gehört rein?","Ein Kinderwagen-Organizer kann kurze Wege im Urlaub leichter machen. Hier findest du Ideen für Feuchttücher, Trinkflasche, Snacks und kleine Dinge, die griffbereit sein sollen. #kinderwagenzubehör","https://babyreisehelfer.pages.dev/kinderwagen-zubehoer/","Kinderwagen Zubehör","Kinderwagen Organizer; Buggy Organizer; Kinderwagen Zubehör; Urlaub mit Baby","#kinderwagenzubehör","Pinterest Pin Kinderwagen-Organizer packen mit Organizer, Flasche und Feuchttüchern","ready_for_manual_upload"
"16","public/pinterest/manual-pins/16-baby-im-hotel-schlafen-wickeln-flaeschchen.png","Baby im Hotel: Schlafen, Wickeln, Fläschchen","Hotelzimmer mit Baby brauchen oft nur ein paar gute Vorbereitungen. Der Ratgeber hilft bei Schlafplatz, Wickeln, Fläschchen und kleinen Nacht-Helfern. #babyimhotel #urlaubmitbaby","https://babyreisehelfer.pages.dev/hotel-mit-baby/","Baby im Hotel","Baby im Hotel; Hotel mit Baby; Reisebett Baby; Flaschenwärmer Reise","#babyimhotel #urlaubmitbaby","Pinterest Pin Baby im Hotel mit Reisebett, Nachtlicht und Flaschenwärmer","ready_for_manual_upload"
"17","public/pinterest/manual-pins/17-hotelzimmer-mit-baby-vorbereiten.png","Hotelzimmer mit Baby vorbereiten","Ein fremdes Zimmer kann mit Baby ungewohnt sein. Diese Tipps helfen dir, Schlafen, Wickeln und nächtliche Wege im Hotelzimmer einfacher zu organisieren. #babyimhotel #babyreise","https://babyreisehelfer.pages.dev/ratgeber/baby-im-hotel/","Baby im Hotel","Hotelzimmer mit Baby; Baby im Hotel; Reisen mit Baby; Nachtlicht Baby","#babyimhotel #babyreise","Pinterest Pin Hotelzimmer mit Baby vorbereiten mit ruhigem Hotel- und Babyzimmermotiv","ready_for_manual_upload"
"18","public/pinterest/manual-pins/18-reisebett-oder-hotelbett.png","Reisebett oder Hotelbett?","Reisebett oder Hotelbett: Was passt besser zu deiner Reise? Der Ratgeber zeigt Vor- und Nachteile, worauf du achten kannst und was Eltern vorab klären sollten. #babyimhotel #reisebett","https://babyreisehelfer.pages.dev/ratgeber/reisebett-oder-hotelbett-was-ist-besser/","Baby im Hotel","Reisebett Baby; Hotelbett Baby; Baby im Hotel; Schlafen im Urlaub","#babyimhotel #reisebett","Pinterest Pin Reisebett oder Hotelbett mit Baby-Reisebett auf hellem Hintergrund","ready_for_manual_upload"
"19","public/pinterest/manual-pins/19-reiseapotheke-baby-basics.png","Reiseapotheke Baby: die wichtigsten Basics","Welche Basics können in die Baby-Reiseapotheke? Diese Übersicht gibt Eltern Orientierung für Urlaub und Flugreise, ohne medizinische Beratung zu ersetzen. #reiseapotheke #babyreise","https://babyreisehelfer.pages.dev/ratgeber/reiseapotheke-baby-kind/","Reiseapotheke Baby","Reiseapotheke Baby; Baby Reiseapotheke; Urlaub mit Baby; Fieberthermometer Reise","#reiseapotheke #babyreise","Pinterest Pin Reiseapotheke Baby Basics mit Organizer und Thermometer","ready_for_manual_upload"
"20","public/pinterest/manual-pins/20-fieber-pflaster-thermometer-einpacken.png","Fieber, Pflaster, Thermometer: was einpacken?","Vor dem Urlaub lohnt sich ein Blick in die Reiseapotheke. Hier findest du praktische Basics wie Thermometer, Pflaster und Organizer sowie Hinweise, was du selbst prüfen solltest. #reiseapotheke","https://babyreisehelfer.pages.dev/ratgeber/baby-reiseapotheke/","Reiseapotheke Baby","Fieberthermometer Reise; Pflaster Urlaub Baby; Reiseapotheke Kind; Baby Urlaub","#reiseapotheke","Pinterest Pin Fieber Pflaster Thermometer mit neutralem Reiseapotheken-Zubehör","ready_for_manual_upload"
"21","public/pinterest/manual-pins/21-baby-reiseapotheke-flug-urlaub.png","Baby-Reiseapotheke für Flug und Urlaub","Für Flug und Urlaub kann eine kleine Baby-Reiseapotheke Sicherheit im Alltag geben. Der Ratgeber zeigt sinnvolle Kategorien und was Eltern vor Reisebeginn klären sollten. #babyreise #reiseapotheke","https://babyreisehelfer.pages.dev/ratgeber/reiseapotheke-baby-kind/","Reiseapotheke Baby","Baby Reiseapotheke Flug; Urlaub mit Baby; Reiseapotheke Baby; Packliste Baby","#babyreise #reiseapotheke","Pinterest Pin Baby-Reiseapotheke für Flug und Urlaub mit Reiseapotheken-Organizer","ready_for_manual_upload"
